{"cameraMode":{"drawMode":0,"name":"Shaded","section":"Shading Mode"},"sceneLighting":false,"audioPlay":false,"sceneViewState":{"showFog":true,"showMaterialUpdate":false,"showSkybox":false,"showFlares":true,"showImageEffects":true,"showParticleSystems":true},"in2DMode":false,"pivot":{"x":14.090054512023926,"y":2.9075798988342287,"z":0.9690237045288086},"rotation":{"x":0.14525584876537324,"y":-0.6785770058631897,"z":0.13954457640647889,"w":0.7063904404640198},"size":4.156615257263184,"orthographic":false}